{
    "MAE": 105887.13958590876,
    "RMSE": 167049.4305214487,
    "R2": 0.5971657161175061
}